Fecha,Total
2021-03-19,7
2021-03-20,0
2021-03-21,4
2021-03-22,66
2021-03-23,1040
2021-03-24,1810
2021-03-25,35147
2021-03-26,29112
2021-03-27,131
2021-03-28,74
2021-03-29,30214
2021-03-30,29030
2021-03-31,28513
2021-04-01,24547
2021-04-02,57
2021-04-03,57
2021-04-04,14
2021-04-05,58822
2021-04-06,88521
2021-04-07,108050
2021-04-08,109010
2021-04-09,114664
2021-04-10,8691
2021-04-11,929
2021-04-12,131880
2021-04-13,143998
2021-04-14,152736
2021-04-15,163856
2021-04-16,155144
2021-04-17,13180
2021-04-18,1058
2021-04-19,139971
2021-04-20,133595
2021-04-21,129353
2021-04-22,136016
2021-04-23,123842
2021-04-24,12612
2021-04-25,819
2021-04-26,159770
2021-04-27,163157
2021-04-28,159397
2021-04-29,152192
2021-04-30,125166
2021-05-01,1452
2021-05-02,934
2021-05-03,129100
2021-05-04,127905
2021-05-05,129821
2021-05-06,126290
2021-05-07,108730
2021-05-08,10819
2021-05-09,426
2021-05-10,122037
2021-05-11,131037
2021-05-12,126335
2021-05-13,116334
2021-05-14,111352
2021-05-15,2509
2021-05-16,1348
2021-05-17,92620
2021-05-18,93274
2021-05-19,89541
2021-05-20,92359
2021-05-21,1202
2021-05-22,5637
2021-05-23,579
2021-05-24,93300
2021-05-25,91066
2021-05-26,88791
2021-05-27,81353
2021-05-28,69835
2021-05-29,6814
2021-05-30,703
2021-05-31,60454
2021-06-01,53876
2021-06-02,57948
2021-06-03,54424
2021-06-04,47805
2021-06-05,4398
2021-06-06,479
2021-06-07,42744
2021-06-08,39342
2021-06-09,37794
2021-06-10,40039
2021-06-11,35927
2021-06-12,3587
2021-06-13,561
2021-06-14,33637
2021-06-15,31894
2021-06-16,32393
2021-06-17,30880
2021-06-18,25602
2021-06-19,4080
2021-06-20,213
2021-06-21,472
2021-06-22,27115
2021-06-23,22427
2021-06-24,25115
2021-06-25,19890
2021-06-26,2586
2021-06-27,227
2021-06-28,237
2021-06-29,23640
2021-06-30,20434
2021-07-01,21076
2021-07-02,18638
2021-07-03,2149
2021-07-04,317
2021-07-05,17991
2021-07-06,16458
2021-07-07,19406
2021-07-08,18570
2021-07-09,16483
2021-07-10,2594
2021-07-11,428
2021-07-12,16087
2021-07-13,16534
2021-07-14,17364
2021-07-15,16300
2021-07-16,290
2021-07-17,1546
2021-07-18,279
2021-07-19,14907
2021-07-20,15129
2021-07-21,14981
2021-07-22,16526
2021-07-23,13939
2021-07-24,1702
2021-07-25,182
2021-07-26,13488
2021-07-27,14202
2021-07-28,15077
2021-07-29,13502
2021-07-30,10592
2021-07-31,1057
2021-08-01,127
2021-08-02,10580
2021-08-03,10879
2021-08-04,11784
2021-08-05,10459
2021-08-06,8659
2021-08-07,567
2021-08-08,9
2021-08-09,9562
2021-08-10,9706
2021-08-11,8112
2021-08-12,7197
2021-08-13,6073
2021-08-14,563
2021-08-15,35
2021-08-16,6530
2021-08-17,6380
2021-08-18,5383
2021-08-19,5447
2021-08-20,5003
2021-08-21,318
2021-08-22,45
2021-08-23,6059
2021-08-24,5899
2021-08-25,4892
2021-08-26,5586
2021-08-27,4340
2021-08-28,391
2021-08-29,17
2021-08-30,5075
2021-08-31,4265
2021-09-01,3604
2021-09-02,4512
2021-09-03,3634
2021-09-04,364
2021-09-05,68
2021-09-06,3993
2021-09-07,3990
2021-09-08,4206
2021-09-09,4164
2021-09-10,3628
2021-09-11,246
2021-09-12,2
2021-09-13,3915
2021-09-14,3749
2021-09-15,3172
2021-09-16,1976
2021-09-17,23
2021-09-18,2
2021-09-19,1
2021-09-20,3647
2021-09-21,4267
2021-09-22,4332
2021-09-23,4523
2021-09-24,3597
2021-09-25,226
2021-09-26,19
2021-09-27,3792
2021-09-28,3389
2021-09-29,3270
2021-09-30,2966
2021-10-01,2485
2021-10-02,207
2021-10-03,6
2021-10-04,2582
2021-10-05,2610
2021-10-06,2564
2021-10-07,2394
2021-10-08,2381
2021-10-09,128
2021-10-10,2
2021-10-11,6
2021-10-12,2139
2021-10-13,2371
2021-10-14,2287
2021-10-15,1847
2021-10-16,128
2021-10-17,2
2021-10-18,1876
2021-10-19,1996
2021-10-20,2138
2021-10-21,2025
2021-10-22,1908
2021-10-23,95
2021-10-24,1
2021-10-25,2057
2021-10-26,1806
2021-10-27,1895
2021-10-28,1707
2021-10-29,1126
2021-10-30,60
2021-10-31,0
2021-11-01,0
2021-11-02,1577
2021-11-03,1574
2021-11-04,2115
2021-11-05,1508
2021-11-06,63
2021-11-07,3
2021-11-08,1754
2021-11-09,1441
2021-11-10,1576
2021-11-11,1688
2021-11-12,1606
2021-11-13,71
2021-11-14,1
2021-11-15,1712
2021-11-16,1719
2021-11-17,1427
2021-11-18,1752
2021-11-19,1418
2021-11-20,40
2021-11-21,0
2021-11-22,1558
2021-11-23,1424
2021-11-24,1371
2021-11-25,1438
2021-11-26,1260
2021-11-27,61
2021-11-28,8
2021-11-29,1459
2021-11-30,1115
2021-12-01,1352
2021-12-02,1329
2021-12-03,1080
2021-12-04,72
2021-12-05,1
2021-12-06,1261
2021-12-07,1159
2021-12-08,0
2021-12-09,1229
2021-12-10,1022
2021-12-11,54
2021-12-12,12
2021-12-13,1287
2021-12-14,1337
2021-12-15,1361
2021-12-16,1230
2021-12-17,948
2021-12-18,101
2021-12-19,193
2021-12-20,1071
2021-12-21,995
2021-12-22,1134
2021-12-23,1046
2021-12-24,281
2021-12-25,0
2021-12-26,4
2021-12-27,1067
2021-12-28,1087
2021-12-29,962
2021-12-30,821
2021-12-31,236
2022-01-01,0
2022-01-02,0
2022-01-03,0
2022-01-04,0
2022-01-05,0
2022-01-06,0
2022-01-07,0
2022-01-08,0
2022-01-09,0
2022-01-10,0
2022-01-11,0
2022-01-12,0
2022-01-13,0
2022-01-14,0
2022-01-15,0
2022-01-16,0
2022-01-17,0
2022-01-18,0
2022-01-19,0
2022-01-20,0
2022-01-21,0
2022-01-22,0
2022-01-23,0
2022-01-24,0
2022-01-25,0
2022-01-26,0
2022-01-27,0
2022-01-28,0
2022-01-29,0
2022-01-30,0
2022-01-31,0
2022-02-01,0
2022-02-02,0
2022-02-03,0
2022-02-04,0
2022-02-05,0
2022-02-06,0
2022-02-07,0
2022-02-08,0
2022-02-09,0
2022-02-10,0
2022-02-11,0
2022-02-12,0
2022-02-13,0
2022-02-14,0
2022-02-15,0
2022-02-16,0
2022-02-17,0
2022-02-18,0
2022-02-19,0
2022-02-20,0
2022-02-21,0
2022-02-22,0
2022-02-23,0
2022-02-24,0
2022-02-25,0
2022-02-26,0
2022-02-27,0
2022-02-28,0
2022-03-01,0
2022-03-02,0
2022-03-03,0
2022-03-04,0
2022-03-05,0
2022-03-06,0
2022-03-07,19555
2022-03-08,22859
2022-03-09,26337
2022-03-10,27535
2022-03-11,28501
2022-03-12,604
2022-03-13,13
2022-03-14,21192
2022-03-15,24838
2022-03-16,108027
2022-03-17,130831
2022-03-18,152186
2022-03-19,16285
2022-03-20,546
2022-03-21,174432
2022-03-22,186123
2022-03-23,182853
2022-03-24,177170
2022-03-25,159776
2022-03-26,19308
2022-03-27,581
2022-03-28,169411
2022-03-29,173731
2022-03-30,169967
2022-03-31,155208
2022-04-01,141705
2022-04-02,16980
2022-04-03,921
2022-04-04,163737
2022-04-05,177182
2022-04-06,172887
2022-04-07,165688
2022-04-08,135042
2022-04-09,18839
2022-04-10,992
2022-04-11,142055
2022-04-12,151587
2022-04-13,148500
2022-04-14,130854
2022-04-15,794
2022-04-16,876
2022-04-17,510
2022-04-18,125881
2022-04-19,134753
2022-04-20,134255
2022-04-21,130039
2022-04-22,107675
2022-04-23,16436
2022-04-24,1516
2022-04-25,111176
2022-04-26,105327
2022-04-27,99141
2022-04-28,107540
2022-04-29,91120
2022-04-30,14204
2022-05-01,340
2022-05-02,89437
2022-05-03,94861
2022-05-04,90666
2022-05-05,80904
2022-05-06,69967
2022-05-07,12115
2022-05-08,917
2022-05-09,72694
2022-05-10,79988
2022-05-11,88309
2022-05-12,81706
2022-05-13,72106
2022-05-14,14123
2022-05-15,1487
2022-05-16,77435
2022-05-17,73481
2022-05-18,69955
2022-05-19,63768
2022-05-20,57846
2022-05-21,6712
2022-05-22,1583
2022-05-23,58979
2022-05-24,58444
2022-05-25,56518
2022-05-26,54395
2022-05-27,46901
2022-05-28,14568
2022-05-29,1567
2022-05-30,51961
2022-05-31,48364
2022-06-01,42806
2022-06-02,39580
2022-06-03,30493
2022-06-04,8979
2022-06-05,1203
2022-06-06,36287
2022-06-07,32837
2022-06-08,32123
2022-06-09,31623
2022-06-10,28259
2022-06-11,7417
2022-06-12,871
2022-06-13,27040
2022-06-14,26751
2022-06-15,27556
2022-06-16,26345
2022-06-17,22520
2022-06-18,5219
2022-06-19,349
2022-06-20,23950
2022-06-21,943
2022-06-22,20715
2022-06-23,17375
2022-06-24,17852
2022-06-25,4554
2022-06-26,579
2022-06-27,644
2022-06-28,18174
2022-06-29,17368
2022-06-30,17070
2022-07-01,12386
2022-07-02,3236
2022-07-03,294
2022-07-04,17306
2022-07-05,16654
2022-07-06,14081
2022-07-07,15961
2022-07-08,13650
2022-07-09,2367
2022-07-10,391
2022-07-11,13731
2022-07-12,14116
2022-07-13,14230
2022-07-14,11030
2022-07-15,9964
2022-07-16,988
2022-07-17,174
2022-07-18,14427
2022-07-19,13969
2022-07-20,13592
2022-07-21,13175
2022-07-22,12117
2022-07-23,2500
2022-07-24,298
2022-07-25,11794
2022-07-26,10943
2022-07-27,11405
2022-07-28,11367
2022-07-29,9172
2022-07-30,2160
2022-07-31,185
2022-08-01,9256
2022-08-02,9664
2022-08-03,9347
2022-08-04,9275
2022-08-05,7702
2022-08-06,1309
2022-08-07,111
2022-08-08,8957
2022-08-09,8556
2022-08-10,8069
2022-08-11,7699
2022-08-12,6781
2022-08-13,1210
2022-08-14,95
2022-08-15,226
2022-08-16,7361
2022-08-17,7790
2022-08-18,8539
2022-08-19,6960
2022-08-20,1302
2022-08-21,83
2022-08-22,7744
2022-08-23,7291
2022-08-24,7272
2022-08-25,6761
2022-08-26,5970
2022-08-27,986
2022-08-28,81
2022-08-29,6673
2022-08-30,6051
2022-08-31,4767
2022-09-01,5253
2022-09-02,4892
2022-09-03,735
2022-09-04,105
2022-09-05,5507
2022-09-06,5280
2022-09-07,4841
2022-09-08,4548
2022-09-09,3902
2022-09-10,742
2022-09-11,32
2022-09-12,4947
2022-09-13,4502
2022-09-14,3771
2022-09-15,2242
2022-09-16,76
2022-09-17,51
2022-09-18,11
2022-09-19,2
2022-09-20,3703
2022-09-21,4412
2022-09-22,4358
2022-09-23,3852
2022-09-24,375
2022-09-25,7
2022-09-26,4291
2022-09-27,4017
2022-09-28,3685
2022-09-29,3326
2022-09-30,2334
2022-10-01,291
2022-10-02,25
2022-10-03,2927
2022-10-04,3035
2022-10-05,3021
2022-10-06,3175
2022-10-07,2607
2022-10-08,223
2022-10-09,16
2022-10-10,77
2022-10-11,3089
2022-10-12,3132
2022-10-13,2978
2022-10-14,2521
2022-10-15,284
2022-10-16,22
2022-10-17,3108
2022-10-18,2611
2022-10-19,2590
2022-10-20,2627
2022-10-21,2151
2022-10-22,222
2022-10-23,21
2022-10-24,2688
2022-10-25,2374
2022-10-26,2502
2022-10-27,2238
2022-10-28,1442
2022-10-29,126
2022-10-30,35
2022-10-31,38
2022-11-01,48
2022-11-02,2207
2022-11-03,2235
2022-11-04,1997
2022-11-05,142
2022-11-06,1
2022-11-07,2668
2022-11-08,2467
2022-11-09,2210
2022-11-10,2216
2022-11-11,2052
2022-11-12,186
2022-11-13,4
2022-11-14,2878
2022-11-15,1609
2022-11-16,2460
2022-11-17,2272
2022-11-18,1829
2022-11-19,146
2022-11-20,13
2022-11-21,2460
2022-11-22,2068
2022-11-23,2017
2022-11-24,1947
2022-11-25,1625
2022-11-26,140
2022-11-27,3
2022-11-28,2135
2022-11-29,1746
2022-11-30,1331
2022-12-01,1433
2022-12-02,1204
2022-12-03,153
2022-12-04,3
2022-12-05,1728
2022-12-06,1426
2022-12-07,1489
2022-12-08,21
2022-12-09,1234
2022-12-10,110
2022-12-11,11
2022-12-12,1511
2022-12-13,1373
2022-12-14,1332
2022-12-15,1332
2022-12-16,929
2022-12-17,111
2022-12-18,6
2022-12-19,1404
2022-12-20,1178
2022-12-21,1197
2022-12-22,950
2022-12-23,596
2022-12-24,6
2022-12-25,0
2022-12-26,1058
2022-12-27,1087
2022-12-28,1089
2022-12-29,959
2022-12-30,551
2022-12-31,21
2023-01-01,0
2023-01-02,0
2023-01-03,0
2023-01-04,0
2023-01-05,0
2023-01-06,0
2023-01-07,0
2023-01-08,0
2023-01-09,0
2023-01-10,0
2023-01-11,0
2023-01-12,0
2023-01-13,0
2023-01-14,0
2023-01-15,0
2023-01-16,0
2023-01-17,0
2023-01-18,0
2023-01-19,0
2023-01-20,0
2023-01-21,0
2023-01-22,0
2023-01-23,0
2023-01-24,0
2023-01-25,0
2023-01-26,0
2023-01-27,0
2023-01-28,0
2023-01-29,0
2023-01-30,0
2023-01-31,0
2023-02-01,0
2023-02-02,0
2023-02-03,0
2023-02-04,0
2023-02-05,0
2023-02-06,0
2023-02-07,0
2023-02-08,0
2023-02-09,0
2023-02-10,0
2023-02-11,0
2023-02-12,0
2023-02-13,0
2023-02-14,0
2023-02-15,0
2023-02-16,0
2023-02-17,0
2023-02-18,0
2023-02-19,0
2023-02-20,0
2023-02-21,0
2023-02-22,0
2023-02-23,0
2023-02-24,0
2023-02-25,0
2023-02-26,0
2023-02-27,0
2023-02-28,0
2023-03-01,0
2023-03-02,0
2023-03-03,0
2023-03-04,0
2023-03-05,0
2023-03-06,10599
2023-03-07,15653
2023-03-08,18838
2023-03-09,21137
2023-03-10,22357
2023-03-11,163
2023-03-12,73
2023-03-13,19942
2023-03-14,22479
2023-03-15,62417
2023-03-16,69030
2023-03-17,94024
2023-03-18,8416
2023-03-19,1007
2023-03-20,136279
2023-03-21,137435
2023-03-22,140263
2023-03-23,145653
2023-03-24,125555
2023-03-25,14112
2023-03-26,710
2023-03-27,140776
2023-03-28,144172
2023-03-29,137321
2023-03-30,144118
2023-03-31,112580
2023-04-01,14102
2023-04-02,1696
2023-04-03,140806
2023-04-04,150504
2023-04-05,142421
2023-04-06,123583
2023-04-07,979
2023-04-08,1123
2023-04-09,376
2023-04-10,131377
2023-04-11,147528
2023-04-12,147564
2023-04-13,144865
2023-04-14,116656
2023-04-15,16188
2023-04-16,2721
2023-04-17,135473
2023-04-18,140082
2023-04-19,137477
2023-04-20,130096
2023-04-21,101548
2023-04-22,15630
2023-04-23,1355
2023-04-24,117486
2023-04-25,121538
2023-04-26,114872
2023-04-27,105639
2023-04-28,70621
2023-04-29,8580
2023-04-30,942
2023-05-01,236
2023-05-02,86054
2023-05-03,93974
2023-05-04,92756
2023-05-05,73858
2023-05-06,10104
2023-05-07,7307
2023-05-08,76164
2023-05-09,80311
2023-05-10,79737
2023-05-11,75124
2023-05-12,55737
2023-05-13,10828
2023-05-14,307
2023-05-15,70312
2023-05-16,73637
2023-05-17,71921
2023-05-18,68996
2023-05-19,58823
2023-05-20,10936
2023-05-21,873
2023-05-22,63732
2023-05-23,62336
2023-05-24,61112
2023-05-25,62934
2023-05-26,57461
2023-05-27,11193
2023-05-28,1512
2023-05-29,56779
2023-05-30,54589
2023-05-31,46341
2023-06-01,44087
2023-06-02,36867
2023-06-03,6907
2023-06-04,1289
2023-06-05,40591
2023-06-06,39780
2023-06-07,41338
2023-06-08,43866
2023-06-09,43352
2023-06-10,10673
2023-06-11,1019
2023-06-12,52759
2023-06-13,54480
2023-06-14,58259
2023-06-15,57983
2023-06-16,53470
2023-06-17,17209
2023-06-18,2090
2023-06-19,46718
2023-06-20,45140
2023-06-21,4132
2023-06-22,26884
2023-06-23,24698
2023-06-24,8073
2023-06-25,2776
2023-06-26,3272
2023-06-27,29567
2023-06-28,29267
2023-06-29,28103
2023-06-30,22691
2023-07-01,7701
2023-07-02,1579
2023-07-03,21736
2023-07-04,22220
2023-07-05,21315
2023-07-06,20480
2023-07-07,16767
2023-07-08,5093
2023-07-09,1214
2023-07-10,18372
2023-07-11,19650
2023-07-12,17045
2023-07-13,19271
2023-07-14,15305
2023-07-15,4358
2023-07-16,1127
2023-07-17,16024
2023-07-18,15489
2023-07-19,14951
2023-07-20,14939
2023-07-21,11576
2023-07-22,2805
2023-07-23,892
2023-07-24,12726
2023-07-25,12620
2023-07-26,12327
2023-07-27,12572
2023-07-28,10427
2023-07-29,3317
2023-07-30,730
2023-07-31,9174
2023-08-01,9924
2023-08-02,9834
2023-08-03,9954
2023-08-04,7770
2023-08-05,2084
2023-08-06,656
2023-08-07,8262
2023-08-08,8656
2023-08-09,8090
2023-08-10,6805
2023-08-11,6679
2023-08-12,1627
2023-08-13,444
2023-08-14,6607
2023-08-15,302
2023-08-16,6856
2023-08-17,7094
2023-08-18,6181
2023-08-19,1080
2023-08-20,201
2023-08-21,6164
2023-08-22,3447
2023-08-23,5314
2023-08-24,6394
2023-08-25,5552
2023-08-26,1661
2023-08-27,341
2023-08-28,6562
2023-08-29,5894
2023-08-30,5332
2023-08-31,4158
2023-09-01,3547
2023-09-02,773
2023-09-03,54
2023-09-04,4227
2023-09-05,4074
2023-09-06,3522
2023-09-07,3957
2023-09-08,2870
2023-09-09,666
2023-09-10,34
2023-09-11,3679
2023-09-12,4123
2023-09-13,3883
2023-09-14,3134
2023-09-15,1776
2023-09-16,209
2023-09-17,57
2023-09-18,11
2023-09-19,14
2023-09-20,3082
2023-09-21,3365
2023-09-22,3028
2023-09-23,520
2023-09-24,34
2023-09-25,4154
2023-09-26,3930
2023-09-27,2164
2023-09-28,2033
2023-09-29,1390
2023-09-30,637
2023-10-01,36
2023-10-02,3351
2023-10-03,3220
2023-10-04,3433
2023-10-05,3245
2023-10-06,2659
2023-10-07,397
2023-10-08,69
2023-10-09,53
2023-10-10,3469
2023-10-11,3581
2023-10-12,3142
2023-10-13,2795
2023-10-14,508
2023-10-15,53
2023-10-16,3307
2023-10-17,3419
2023-10-18,2958
2023-10-19,3131
2023-10-20,2525
2023-10-21,638
2023-10-22,75
2023-10-23,3179
2023-10-24,2907
2023-10-25,3006
2023-10-26,2709
2023-10-27,47
2023-10-28,294
2023-10-29,39
2023-10-30,2685
2023-10-31,2042
2023-11-01,35
2023-11-02,2449
2023-11-03,2256
2023-11-04,310
2023-11-05,43
2023-11-06,2817
2023-11-07,2729
2023-11-08,2513
2023-11-09,2496
2023-11-10,1869
2023-11-11,275
2023-11-12,29
2023-11-13,2929
2023-11-14,2440
2023-11-15,2358
2023-11-16,2051
2023-11-17,1713
2023-11-18,199
2023-11-19,40
2023-11-20,2289
2023-11-21,2415
2023-11-22,2153
2023-11-23,2050
2023-11-24,1561
2023-11-25,299
2023-11-26,17
2023-11-27,2351
2023-11-28,2110
2023-11-29,1988
2023-11-30,1470
2023-12-01,1323
2023-12-02,199
2023-12-03,32
2023-12-04,1749
2023-12-05,1780
2023-12-06,1740
2023-12-07,1500
2023-12-08,12
2023-12-09,110
2023-12-10,18
2023-12-11,1523
2023-12-12,1645
2023-12-13,1421
2023-12-14,1412
2023-12-15,1051
2023-12-16,123
2023-12-17,86
2023-12-18,1454
2023-12-19,1311
2023-12-20,1279
2023-12-21,1103
2023-12-22,706
2023-12-23,86
2023-12-24,1
2023-12-25,0
2023-12-26,1126
2023-12-27,1131
2023-12-28,984
2023-12-29,598
2023-12-30,39
2023-12-31,2
2024-01-01,0
2024-01-02,0
2024-01-03,0
2024-01-04,0
2024-01-05,0
2024-01-06,0
2024-01-07,0
2024-01-08,0
2024-01-09,0
2024-01-10,0
2024-01-11,0
2024-01-12,0
2024-01-13,0
2024-01-14,0
2024-01-15,0
2024-01-16,0
2024-01-17,0
2024-01-18,0
2024-01-19,0
2024-01-20,0
2024-01-21,0
2024-01-22,0
2024-01-23,0
2024-01-24,0
2024-01-25,0
2024-01-26,0
2024-01-27,0
2024-01-28,0
2024-01-29,0
2024-01-30,0
2024-01-31,0
2024-02-01,0
2024-02-02,0
2024-02-03,0
2024-02-04,0
2024-02-05,0
2024-02-06,0
2024-02-07,0
2024-02-08,0
2024-02-09,0
2024-02-10,0
2024-02-11,0
2024-02-12,0
2024-02-13,0
2024-02-14,0
2024-02-15,0
2024-02-16,0
2024-02-17,0
2024-02-18,0
2024-02-19,0
2024-02-20,0
2024-02-21,0
2024-02-22,0
2024-02-23,0
2024-02-24,0
2024-02-25,0
2024-02-26,0
2024-02-27,0
2024-02-28,0
2024-02-29,0
2024-03-01,0
2024-03-02,0
2024-03-03,0
2024-03-04,0
2024-03-05,0
2024-03-06,9999
2024-03-07,14249
2024-03-08,14255
2024-03-09,208
2024-03-10,34
2024-03-11,16889
2024-03-12,19977
2024-03-13,35596
2024-03-14,47181
2024-03-15,56482
2024-03-16,4761
2024-03-17,982
2024-03-18,88300
2024-03-19,102865
2024-03-20,111276
2024-03-21,120030
2024-03-22,115670
2024-03-23,14743
2024-03-24,2178
2024-03-25,133294
2024-03-26,138444
2024-03-27,137329
2024-03-28,125984
2024-03-29,1525
2024-03-30,3158
2024-03-31,566
2024-04-01,148047
2024-04-02,159820
2024-04-03,167174
2024-04-04,172464
2024-04-05,146442
2024-04-06,24938
2024-04-07,4579
2024-04-08,162759
2024-04-09,172981
2024-04-10,167769
2024-04-11,152916
2024-04-12,132757
2024-04-13,25017
2024-04-14,1746
2024-04-15,146570
2024-04-16,156000
2024-04-17,111512
2024-04-18,109588
2024-04-19,120715
2024-04-20,22255
2024-04-21,2645
2024-04-22,132583
2024-04-23,141847
2024-04-24,135762
2024-04-25,129916
2024-04-26,102993
2024-04-27,21612
2024-04-28,2212
2024-04-29,108278
2024-04-30,91131
2024-05-01,562
2024-05-02,95444
2024-05-03,81694
2024-05-04,16775
2024-05-05,2679
2024-05-06,108604
2024-05-07,85954
2024-05-08,97366
2024-05-09,94566
2024-05-10,65542
2024-05-11,16528
2024-05-12,1658
2024-05-13,86764
2024-05-14,100532
2024-05-15,104345
2024-05-16,118531
2024-05-17,96985
2024-05-18,25666
2024-05-19,3854
2024-05-20,86774
2024-05-21,3081
2024-05-22,98098
2024-05-23,161238
2024-05-24,198171
2024-05-25,73487
2024-05-26,15043
2024-05-27,189571
2024-05-28,177307
2024-05-29,142897
2024-05-30,132107
2024-05-31,101805
2024-06-01,41744
2024-06-02,7176
2024-06-03,97633
2024-06-04,88798
2024-06-05,85438
2024-06-06,84762
2024-06-07,71701
2024-06-08,21685
2024-06-09,1767
2024-06-10,52406
2024-06-11,46500
2024-06-12,42992
2024-06-13,23146
2024-06-14,26359
2024-06-15,10845
2024-06-16,1415
2024-06-17,28573
2024-06-18,24504
2024-06-19,25304
2024-06-20,761
2024-06-21,12408
2024-06-22,4901
2024-06-23,1162
2024-06-24,18976
2024-06-25,17454
2024-06-26,16228
2024-06-27,16067
2024-06-28,12384
2024-06-29,2119
2024-06-30,1180
2024-07-01,11979
2024-07-02,12476
2024-07-03,12329
2024-07-04,11891
2024-07-05,10137
2024-07-06,2784
2024-07-07,708
2024-07-08,9884
2024-07-09,9821
2024-07-10,9178
2024-07-11,9564
2024-07-12,8123
2024-07-13,1979
2024-07-14,353
2024-07-15,7273
2024-07-16,248
2024-07-17,6947
2024-07-18,7180
2024-07-19,6443
2024-07-20,1596
2024-07-21,356
2024-07-22,7328
2024-07-23,6199
2024-07-24,6360
2024-07-25,5940
2024-07-26,4715
2024-07-27,1372
2024-07-28,173
2024-07-29,5361
2024-07-30,4988
2024-07-31,3804
2024-08-01,4994
2024-08-02,2701
2024-08-03,930
2024-08-04,326
2024-08-05,4826
2024-08-06,5092
2024-08-07,5428
2024-08-08,5396
2024-08-09,4643
2024-08-10,1061
2024-08-11,426
2024-08-12,4807
2024-08-13,5242
2024-08-14,4674
2024-08-15,225
2024-08-16,3942
2024-08-17,828
2024-08-18,305
2024-08-19,4570
2024-08-20,4258
2024-08-21,4184
2024-08-22,3879
2024-08-23,3409
2024-08-24,924
2024-08-25,195
2024-08-26,4715
2024-08-27,4261
2024-08-28,4008
2024-08-29,3804
2024-08-30,2477
2024-08-31,613
2024-09-01,173
2024-09-02,3263
2024-09-03,3404
2024-09-04,3014
2024-09-05,3200
2024-09-06,2333
2024-09-07,425
2024-09-08,107
2024-09-09,2914
2024-09-10,2982
2024-09-11,2795
2024-09-12,2411
2024-09-13,1703
2024-09-14,281
2024-09-15,97
2024-09-16,2097
2024-09-17,585
2024-09-18,0
2024-09-19,24
2024-09-20,1
2024-09-21,30
2024-09-22,0
2024-09-23,2955
2024-09-24,1756
2024-09-25,1750
2024-09-26,1396
2024-09-27,2351
2024-09-28,339
2024-09-29,136
2024-09-30,2054
2024-10-01,2403
2024-10-02,2242
2024-10-03,2297
2024-10-04,1954
2024-10-05,272
2024-10-06,53
2024-10-07,2278
2024-10-08,1940
2024-10-09,2096
2024-10-10,1958
2024-10-11,1584
2024-10-12,76
2024-10-13,28
2024-10-14,2301
2024-10-15,2072
2024-10-16,1905
2024-10-17,1987
2024-10-18,1545
2024-10-19,185
2024-10-20,28
2024-10-21,2285
2024-10-22,2250
2024-10-23,1780
2024-10-24,2251
2024-10-25,1494
2024-10-26,143
2024-10-27,2
2024-10-28,1773
2024-10-29,1847
2024-10-30,1298
2024-10-31,24
2024-11-01,33
2024-11-02,82
2024-11-03,31
2024-11-04,1751
2024-11-05,1675
2024-11-06,1687
2024-11-07,1636
2024-11-08,1377
2024-11-09,172
2024-11-10,11
2024-11-11,1781
2024-11-12,1581
2024-11-13,1472
2024-11-14,1432
2024-11-15,1315
2024-11-16,170
2024-11-17,23
2024-11-18,1709
2024-11-19,1523
2024-11-20,1462
2024-11-21,1399
2024-11-22,1061
2024-11-23,100
2024-11-24,6
2024-11-25,1643
2024-11-26,1486
2024-11-27,1377
2024-11-28,698
2024-11-29,718
2024-11-30,129
2024-12-01,7
2024-12-02,1251
2024-12-03,1313
2024-12-04,1022
2024-12-05,1014
2024-12-06,758
2024-12-07,70
2024-12-08,0
2024-12-09,1165
2024-12-10,989
2024-12-11,1009
2024-12-12,915
2024-12-13,613
2024-12-14,53
2024-12-15,2
2024-12-16,1012
2024-12-17,969
2024-12-18,849
2024-12-19,812
2024-12-20,599
2024-12-21,54
2024-12-22,4
2024-12-23,739
2024-12-24,206
2024-12-25,0
2024-12-26,741
2024-12-27,685
2024-12-28,22
2024-12-29,2
2024-12-30,777
2024-12-31,155
2025-01-01,2
2025-01-02,292
2025-01-03,286
2025-01-04,13
2025-01-05,5
2025-01-06,418
2025-01-07,447
2025-01-08,478
2025-01-09,430
2025-01-10,389
2025-01-11,32
2025-01-12,2
2025-01-13,510
2025-01-14,455
2025-01-15,412
2025-01-16,367
2025-01-17,336
2025-01-18,17
2025-01-19,0
2025-01-20,372
2025-01-21,394
2025-01-22,387
2025-01-23,353
2025-01-24,243
2025-01-25,5
2025-01-26,0
2025-01-27,323
2025-01-28,342
2025-01-29,277
2025-01-30,276
2025-01-31,186
2025-02-01,3
2025-02-02,2
2025-02-03,48
2025-02-04,41
2025-02-05,43
2025-02-06,47
2025-02-07,42
2025-02-08,1
2025-02-09,0
2025-02-10,58
2025-02-11,54
2025-02-12,60
2025-02-13,47
2025-02-14,42
2025-02-15,0
2025-02-16,0
2025-02-17,6
2025-02-18,4
2025-02-19,6
2025-02-20,5
2025-02-21,6
2025-02-22,0
2025-02-23,0
2025-02-24,7
2025-02-25,2
2025-02-26,6
2025-02-27,1
2025-02-28,4
2025-03-01,5637
2025-03-02,524
2025-03-03,81224
2025-03-04,1062
2025-03-05,105293
2025-03-06,11278
2025-03-07,11122
2025-03-08,19608
2025-03-09,2944
2025-03-10,127258
2025-03-11,98512
2025-03-12,101032
2025-03-13,10779
2025-03-14,143881
2025-03-15,28302
2025-03-16,4036
2025-03-17,164648
2025-03-18,181552
2025-03-19,184358
2025-03-20,177355
2025-03-21,157695
2025-03-22,35843
2025-03-23,5021
2025-03-24,165709
2025-03-25,191228
2025-03-26,193744
2025-03-27,188261
2025-03-28,165747
2025-03-29,42927
2025-03-30,4965
2025-03-31,158042
2025-04-01,177864
2025-04-02,181015
2025-04-03,167779
2025-04-04,148724
2025-04-05,37593
2025-04-06,8064
2025-04-07,165681
2025-04-08,168444
2025-04-09,162092
2025-04-10,94763
